{
	"replace": false,
	"values":[
		"#minecraft:flowers",
		"#minecraft:leaves",
		"#minecraft:saplings",
		"minecraft:fern",
		"minecraft:grass",
		"minecraft:hay_block",
		"minecraft:large_fern",
		"minecraft:tall_grass",
		"minecraft:wheat",
		{"id":"#c:grass","required":false},
		{"id":"#c:grass_like","required":false},
		{"id":"betternether:nether_grass","required":false},
		{"id":"betternether:swamp_grass","required":false},
		{"id":"betternether:soul_grass","required":false},
		{"id":"betternether:jungle_plant","required":false},
		{"id":"betternether:bone_grass","required":false},
		{"id":"betternether:sepia_bone_grass","required":false},
		{"id":"betternether:neon_equisetum","required":false},
		{"id":"betterend:chorus_grass","required":false},
		{"id":"betterend:cave_grass","required":false},
		{"id":"betterend:crystal_grass","required":false},
		{"id":"betterend:bushy_grass","required":false},
		{"id":"betterend:amber_grass","required":false},
		{"id":"betterend:jungle_grass","required":false},
		{"id":"betterend:needle_grass","required":false},
		{"id":"bwplus:embergrass","required":false},
		{"id":"byg:wailing_grass","required":false},
		{"id":"byg:scorched_grass","required":false},
		{"id":"byg:tall_ether_grass","required":false},
		{"id":"byg:ether_grass","required":false},
		{"id":"byg:tall_prairie_grass","required":false},
		{"id":"byg:prairie_grass","required":false},
		{"id":"byg:beach_grass","required":false},
		{"id":"deeperdarker:gloomy_grass","required":false},
		{"id":"edenring:mycotic_grass","required":false},
		{"id":"edenring:golden_grass","required":false},
		{"id":"edenring:copper_grass","required":false},
		{"id":"edenring:iron_grass","required":false},
		{"id":"edenring:gold_grass","required":false},
		{"id":"edenring:tall_copper_grass","required":false},
		{"id":"edenring:tall_iron_grass","required":false},
		{"id":"edenring:tall_gold_grass","required":false},
		{"id":"edenring:tall_mycotic_grass","required":false},
		{"id":"immersive_weathering:frosty_grass","required":false},
		{"id":"meadow:alpine_grass","required":false},
		{"id":"meadow:alpine_grass_tall","required":false},
		{"id":"netherdepthsupgrade:warped_seagrass","required":false},
		{"id":"paradise_lost:grass_plant","required":false},
		{"id":"paradise_lost:grass_flowering","required":false},
		{"id":"paradise_lost:short_grass","required":false},
		{"id":"paradise_lost:flute_grass","required":false},
		{"id":"paradise_lost:tall_grass","required":false},
		{"id":"soulsweapons:withered_grass","required":false},
		{"id":"soulsweapons:withered_tall_grass","required":false},
		{"id":"terrestria:dead_grass","required":false},
		{"id":"winterly:frozen_grass","required":false}
	]
}