{
	"values":[
		"minecraft:beetroot_seeds",
		"minecraft:melon_seeds",
		"minecraft:pumpkin_seeds",
		"minecraft:wheat_seeds",
		{"id":"#c:seeds","required":false},
		{"id":"betternether:stalagnate_seed","required":false},
		{"id":"betternether:wart_seed","required":false},
		{"id":"betternether:eye_seed","required":false},
		{"id":"betternether:ink_bush_seed","required":false},
		{"id":"betternether:black_apple_seed","required":false},
		{"id":"betternether:magma_flower","required":false},
		{"id":"betternether:whispering_gourd_vine","required":false},
		{"id":"betternether:agave","required":false},
		{"id":"betternether:lumabus_seed","required":false},
		{"id":"betternether:golden_lumabus_seed","required":false},
		{"id":"betterend:end_lotus_seed","required":false},
		{"id":"betterend:blue_vine_seed","required":false},
		{"id":"betterend:lanceleaf_seed","required":false},
		{"id":"betterend:glowing_pillar_seed","required":false},
		{"id":"betterend:lumecorn_seed","required":false},
		{"id":"betterend:shadow_berry","required":false},
		{"id":"betterend:blossom_berry_seed","required":false},
		{"id":"betterend:amber_root_seed","required":false},
		{"id":"betterend:chorus_mushroom_seed","required":false},
		{"id":"betterend:cave_pumpkin_seed","required":false},
		{"id":"betterend:end_lily_seed","required":false},
		{"id":"betterend:bulb_vine_seed","required":false},
		{"id":"bewitchment:aconite_seeds","required":false},
		{"id":"bewitchment:belladonna_seeds","required":false},
		{"id":"bewitchment:mandrake_seeds","required":false},
		{"id":"biomemakeover:rootling_seeds","required":false},
		{"id":"culturaldelights:cucumber_seeds","required":false},
		{"id":"culturaldelights:eggplant_seeds","required":false},
		{"id":"ecologics:coconut_seedling","required":false},
		{"id":"expandeddelight:asparagus_seeds","required":false},
		{"id":"expandeddelight:chili_pepper_seeds","required":false},
		{"id":"farmersdelight:cabbage_seeds","required":false},
		{"id":"farmersdelight:tomato_seeds","required":false},
		{"id":"farmersrespite:tea_seeds","required":false},
		{"id":"meadow:mountain_lavender_seeds","required":false},
		{"id":"meadow:juniper_seeds","required":false},
		{"id":"meadow:yarrow_seeds","required":false},
		{"id":"meadow:oat_seeds","required":false},
		{"id":"paradise_lost:flaxseed","required":false},
		{"id":"vinery:red_grape_seeds","required":false},
		{"id":"vinery:white_grape_seeds","required":false},
		{"id":"vinery:savanna_grape_seeds_red","required":false},
		{"id":"vinery:savanna_grape_seeds_white","required":false},
		{"id":"vinery:taiga_grape_seeds_red","required":false},
		{"id":"vinery:taiga_grape_seeds_white","required":false},
		{"id":"vinery:jungle_grape_seeds_red","required":false},
		{"id":"vinery:jungle_grape_seeds_white","required":false},
		{"id":"vinery:tomato_seeds","required":false},
		{"id":"xps:xp_berries_seeds","required":false},
		{"id":"supplementaries:flax_seeds","required":false}
	]
}