{
  "replace": false,
  "values": [
    {"id":"twilightforest:meef_stroganoff","required":false},
    {"id":"twilightforest:experiment_115","required":false},
    {"id":"minecraft:honey_bottle","required":false},
    {"id":"adorn:nether_wart_coffee","required":false},
    {"id":"adorn:hot_chocolate","required":false},
    {"id":"adorn:sweet_berry_juice","required":false},
    {"id":"adorn:glow_berry_tea","required":false},
    {"id":"immersive_weathering:pond_water","required":false},
    {"id":"immersive_weathering:azalea_flowers","required":false},
    {"id":"xps:xp_berries","required":false},
    {"id":"xps_additions:mystical_candy","required":false},
    {"id":"supplementaries:soap","required":false},
    {"id":"betternether:agave_medicine","required":false},
    {"id":"betternether:herbal_medicine","required":false},
    {"id":"paradise_lost:valkyrie_milk","required":false},
    {"id":"the_bumblezone:sugar_water_bottle","required":false},
    {"id":"the_bumblezone:royal_jelly_bottle","required":false},
    {"id":"the_bumblezone:honey_crystal_shards","required":false},
    {"id":"greekfantasy:olive_salve","required":false},
    {"id":"greekfantasy:gorgon_blood","required":false},
    {"id":"vinery:red_grapejuice_wine_bottle","required":false},
    {"id":"vinery:white_grapejuice_wine_bottle","required":false},
    {"id":"vinery:apple_juice","required":false},
    {"id":"vinery:chenet_wine","required":false},
    {"id":"vinery:king_danis_wine","required":false},
    {"id":"vinery:noir_wine","required":false},
    {"id":"vinery:clark_wine","required":false},
    {"id":"vinery:mellohi_wine","required":false},
    {"id":"vinery:bolvar_wine","required":false},
    {"id":"vinery:cherry_wine","required":false},
    {"id":"vinery:apple_cider","required":false},
    {"id":"vinery:kelp_cider","required":false},
    {"id":"vinery:solaris_wine","required":false},
    {"id":"vinery:jellie_wine","required":false},
    {"id":"vinery:aegis_wine","required":false},
    {"id":"vinery:apple_wine","required":false},
    {"id":"snowyspirit:eggnog","required":false},
    {"id":"farmersrespite:green_tea","required":false},
    {"id":"farmersrespite:black_tea","required":false},
    {"id":"farmersrespite:yellow_tea","required":false},
    {"id":"farmersrespite:rose_hip_tea","required":false},
    {"id":"farmersrespite:dandelion_tea","required":false},
    {"id":"farmersrespite:coffee","required":false},
    {"id":"farmersrespite:apple_cider","required":false},
    {"id":"farmersrespite:purulent_tea","required":false},
    {"id":"farmersrespite:long_green_tea","required":false},
    {"id":"farmersrespite:long_black_tea","required":false},
    {"id":"farmersrespite:long_yellow_tea","required":false},
    {"id":"farmersrespite:long_rose_hip_tea","required":false},
    {"id":"farmersrespite:long_dandelion_tea","required":false},
    {"id":"farmersrespite:long_coffee","required":false},
    {"id":"farmersrespite:long_apple_cider","required":false},
    {"id":"farmersrespite:long_purulent_tea","required":false},
    {"id":"farmersrespite:strong_black_tea","required":false},
    {"id":"farmersrespite:strong_yellow_tea","required":false},
    {"id":"farmersrespite:strong_rose_hip_tea","required":false},
    {"id":"farmersrespite:strong_dandelion_tea","required":false},
    {"id":"farmersrespite:strong_coffee","required":false},
    {"id":"farmersrespite:strong_apple_cider","required":false},
    {"id":"farmersrespite:strong_purulent_tea","required":false},
    {"id":"meadow:jug_milk","required":false},
    {"id":"meadow:jug_yarrow_tea","required":false},
    {"id":"meadow:jug_juniper_tea","required":false},
    {"id":"meadow:ricola","required":false},
    {"id":"meadow:piece_of_cheese","required":false},
    {"id":"meadow:piece_of_goat_cheese","required":false},
    {"id":"meadow:piece_of_herb_cheese","required":false},
    {"id":"meadow:piece_of_lavender_cheese","required":false},
    {"id":"meadow:piece_of_sheep_cheese","required":false},
    {"id":"meadow:piece_of_warped_cheese","required":false},
    {"id":"meadow:cream_cheese","required":false},
    {"id":"meadow:bowl_mozzarella","required":false},
    {"id":"meadow:cheese_stick","required":false},
    {"id":"betterend:umbrella_cluster_juice","required":false},
    {"id":"byg:aloe_vera_juice","required":false},
    {"id":"brewinandchewin:flaxen_cheese_wedge","required":false},    
    {"id":"brewinandchewin:scarlet_cheese_wedge","required":false},
    {"id":"brewinandchewin:rice_wine","required":false},
    {"id":"brewinandchewin:egg_grog","required":false},
    {"id":"brewinandchewin:strongroot_ale","required":false},
    {"id":"brewinandchewin:sachharine_rum","required":false},
    {"id":"brewinandchewin:pale_jane","required":false},
    {"id":"brewinandchewin:salty_folly","required":false},
    {"id":"brewinandchewin:steel_toe_stout","required":false},
    {"id":"brewinandchewin:glittering_grenadine","required":false},
    {"id":"brewinandchewin:bloody_mary","required":false},
    {"id":"brewinandchewin:red_rum","required":false},
    {"id":"brewinandchewin:withering_dross","required":false},
    {"id":"brewinandchewin:kombucha","required":false},
    {"id":"bundledelight:green_tea_cup","required":false},
    {"id":"bundledelight:yellow_tea_cup","required":false},
    {"id":"bundledelight:black_tea_cup","required":false},
    {"id":"bundledelight:rose_hip_tea_cup","required":false},
    {"id":"bundledelight:dandelion_tea_cup","required":false},
    {"id":"bundledelight:purulent_tea_cup","required":false},
    {"id":"bundledelight:coffee_cup","required":false},
    {"id":"bundledelight:mead_swig","required":false},
    {"id":"bundledelight:rice_wine_swig","required":false},
    {"id":"bundledelight:egg_grog_swig","required":false},
    {"id":"bundledelight:strongroot_ale_swig","required":false},
    {"id":"bundledelight:saccharine_rum_swig","required":false},
    {"id":"bundledelight:pale_jane_swig","required":false},
    {"id":"bundledelight:salty_folly_swig","required":false},
    {"id":"bundledelight:steel_toe_stout_swig","required":false},
    {"id":"bundledelight:glittering_grenadine_swig","required":false},
    {"id":"bundledelight:bloody_mary_swig","required":false},
    {"id":"bundledelight:red_rum_swig","required":false},
    {"id":"bundledelight:withering_dross_swig","required":false},
    {"id":"bundledelight:kombucha_swig","required":false},
    {"id":"bundledelight:radiant_brew_swig","required":false},
    {"id":"galosphere_delight:spectral_soda","required":false},
    {"id":"galosphere_delight:lumiere_shimmer_drink","required":false},
    {"id":"galosphere_delight:allurite_shimmer_drink","required":false},
    {"id":"endersdelight:chorus_juice","required":false},
    {"id":"unusualend:chorus_juice","required":false},
    {"id":"unusualend:bottled_shulker_bullet","required":false},
    {"id":"miners_delight:hot_cocoa_cup","required":false},
    {"id":"neapolitan:ice_cubes","required":false}
  ]
}