{
  "replace": false,
  "values": [
    {"id":"farmersdelight:minced_beef","required":false},
    {"id":"farmersdelight:beef_patty","required":false},
    {"id":"farmersdelight:salmon_slice","required":false},
    {"id":"farmersdelight:cod_slice","required":false},
    {"id":"farmersdelight:cooked_salmon_slice","required":false},
    {"id":"farmersdelight:cooked_cod_slice","required":false},
    {"id":"farmersdelight:ham","required":false},
    {"id":"farmersdelight:smoked_ham","required":false},
    {"id":"farmersdelight:bone_broth","required":false},
    {"id":"farmersdelight:bacon_and_eggs","required":false},
    {"id":"farmersdelight:roasted_mutton_chops","required":false},
    {"id":"farmersdelight:fried_egg","required":false},
    {"id":"culturaldelights:squid","required":false},
    {"id":"culturaldelights:cooked_squid","required":false},
    {"id":"culturaldelights:glow_squid","required":false},
    {"id":"culturaldelights:raw_calamari","required":false},
    {"id":"culturaldelights:cooked_calamari","required":false},
    {"id":"meadow:raw_bear_meat","required":false},
    {"id":"meadow:bear_stew","required":false},
    {"id":"gofish:ender_eel","required":false},
    {"id":"gofish:icicle_fish","required":false},
    {"id":"gofish:lilyfish","required":false},
    {"id":"gofish:matrix_fish","required":false},
    {"id":"gofish:seaweed_eel","required":false},
    {"id":"gofish:slimefish","required":false},
    {"id":"gofish:snowball_fish","required":false},
    {"id":"gofish:terrafish","required":false},
    {"id":"gofish:oakfish","required":false},
    {"id":"gofish:carrot_carp","required":false},
    {"id":"gofish:baked_carrot_carp","required":false},
    {"id":"gofish:charfish","required":false},
    {"id":"gofish:blackstone_trout","required":false},
    {"id":"gofish:grilled_blackstone_trout","required":false},
    {"id":"gofish:gilded_blackstone_carp","required":false},
    {"id":"gofish:smokey_salmon","required":false},
    {"id":"gofish:soul_salmon","required":false},
    {"id":"gofish:magma_cod","required":false},
    {"id":"gofish:basalt_bass","required":false},
    {"id":"gofish:obsidian_halibut","required":false},
    {"id":"gofish:endfish","required":false},
    {"id":"gofish:baked_endfish","required":false},
    {"id":"gofish:chorus_cod","required":false},
    {"id":"gofish:dragonfish","required":false},
    {"id":"gofish:omega_floater","required":false},
    {"id":"gofish:portal_puffer","required":false},
    {"id":"gofish:lunarfish","required":false},
    {"id":"gofish:galaxy_starfish","required":false},
    {"id":"gofish:starry_salmon","required":false},
    {"id":"gofish:nebula_swordfish","required":false},
    {"id":"gofish:aquatic_astral_stew","required":false},
    {"id":"gofish:rainy_bass","required":false},
    {"id":"gofish:steamed_bass","required":false},
    {"id":"gofish:cloudy_crab","required":false},
    {"id":"gofish:thundering_bass","required":false},
    {"id":"gofish:smoked_cloudy_crab","required":false},
    {"id":"gofish:blizzard_bass","required":false},
    {"id":"biomemakeover:glowfish","required":false},
    {"id":"biomemakeover:cooked_glowfish","required":false},
    {"id":"biomemakeover:raw_toad","required":false},
    {"id":"biomemakeover:cooked_toad","required":false},
    {"id":"biomemakeover:raw_crab","required":false},
    {"id":"biomemakeover:cooked_crab","required":false},
    {"id":"betterend:end_fish_raw","required":false},
    {"id":"betterend:end_fish_cooked","required":false},
    {"id":"nethersdelight:warped_moldy_meat","required":false},
    {"id":"nethersdelight:grilled_strider","required":false},
    {"id":"nethersdelight:strider_moss_stew","required":false},
    {"id":"nethersdelight:plate_of_stuffed_hoglin_ham","required":false},
    {"id":"nethersdelight:plate_of_stuffed_hoglin_roast","required":false},
    {"id":"nethersdelight:plate_of_stuffed_hoglin_snout","required":false},
    {"id":"netherdepthsupgrade:lava_pufferfish","required":false},
    {"id":"netherdepthsupgrade:obsidianfish","required":false},
    {"id":"netherdepthsupgrade:searing_cod","required":false},
    {"id":"netherdepthsupgrade:wither_bonefish","required":false},
    {"id":"netherdepthsupgrade:bonefish","required":false},
    {"id":"netherdepthsupgrade:blazefish","required":false},
    {"id":"netherdepthsupgrade:magmacubefish","required":false},
    {"id":"netherdepthsupgrade:glowdine","required":false},
    {"id":"netherdepthsupgrade:soulsucker","required":false},
    {"id":"netherdepthsupgrade:lava_pufferfish_slice","required":false},
    {"id":"netherdepthsupgrade:obsidianfish_slice","required":false},
    {"id":"netherdepthsupgrade:searing_cod_slice","required":false},
    {"id":"netherdepthsupgrade:blazefish_slice","required":false},
    {"id":"netherdepthsupgrade:magmacubefish_slice","required":false},
    {"id":"netherdepthsupgrade:glowdine_slice","required":false},
    {"id":"netherdepthsupgrade:soulsucker_slice","required":false},
    {"id":"netherdepthsupgrade:cooked_lava_pufferfish_slice","required":false},
    {"id":"netherdepthsupgrade:cooked_obsidianfish_slice","required":false},
    {"id":"netherdepthsupgrade:cooked_magmacubefish_slice","required":false},
    {"id":"netherdepthsupgrade:cooked_glowdine_slice","required":false},
    {"id":"netherdepthsupgrade:cooked_soulsucker_slice","required":false},
    {"id":"oceansdelight:tentacles","required":false},
    {"id":"oceansdelight:cut_tentacles","required":false},
    {"id":"oceansdelight:tentacle_on_a_stick","required":false},
    {"id":"oceansdelight:baked_tentacle_on_a_stick","required":false},
    {"id":"oceansdelight:guardian_tail","required":false},
    {"id":"oceansdelight:cooked_guardian_tail","required":false},
    {"id":"oceansdelight:elder_guardian_slab","required":false},
    {"id":"oceansdelight:elder_guardian_slice","required":false},
    {"id":"oceansdelight:cooked_elder_guardian_slice","required":false},
    {"id":"oceansdelight:fugu_slice","required":false},
    {"id":"mythicupgrades:aquamarine_fish","required":false},
    {"id":"buzzier_bees:glazed_porkchop","required":false},
    {"id":"incubation:scrambled_eggs","required":false},
    {"id":"incubation:fried_egg","required":false},
    {"id":"neapolitan:chocolate_spider_eye","required":false},
    {"id":"abundant_atmosphere:cooked_frog_leg","required":false},
    {"id":"abundant_atmosphere:frog_leg","required":false},
    {"id":"farmersrespite:blazing_chili","required":false},
    {"id":"upgrade_aquatic:cooked_lionfish","required":false},
    {"id":"upgrade_aquatic:cooked_perch","required":false},
    {"id":"upgrade_aquatic:cooked_pike","required":false},
    {"id":"upgrade_aquatic:lionfish","required":false},
    {"id":"upgrade_aquatic:pike","required":false},
    {"id":"upgrade_aquatic:perch","required":false},
    {"id":"twist:rawstrider","required":false},
    {"id":"twist:cookedstrider","required":false},
    {"id":"abnormals_delight:cooked_duck_fillet","required":false},
    {"id":"abnormals_delight:cooked_perch_slice","required":false},
    {"id":"abnormals_delight:cooked_pike_slice","required":false},
    {"id":"abnormals_delight:cooked_venison_shanks","required":false},
    {"id":"abnormals_delight:escargot","required":false},
    {"id":"abnormals_delight:maple_glazed_bacon","required":false},
    {"id":"abnormals_delight:duck_fillet","required":false},
    {"id":"abnormals_delight:perch_slice","required":false},
    {"id":"abnormals_delight:pike_slice","required":false},
    {"id":"abnormals_delight:venison_shanks","required":false},
    {"id":"abnormals_delight:seared_venison","required":false},
    {"id":"abnormals_delight:venison_with_bamboo_shoots","required":false},
    {"id":"nourished_nether:cooked_hoglin_meat","required":false},
    {"id":"nourished_nether:raw_hoglin_meat","required":false},
    {"id":"undergarden:dweller_steak","required":false},
    {"id":"undergarden:raw_dweller_meat","required":false},
    {"id":"undergarden:raw_gwibling","required":false},
    {"id":"undergarden:cooked_gwibling","required":false},
    {"id":"combustivefishing:cooled_cod","required":false},
    {"id":"aquamirae:esca","required":false},
    {"id":"aquamirae:sea_stew","required":false},
    {"id":"aquamirae:poseidons_breakfast","required":false},
    {"id":"atmospheric:aloe_gel_bottle","required":false},
    {"id":"delightful:animal_fat","required":false},
    {"id":"brewinandchewin:jerky","required":false},
    {"id":"brewinandchewin:kippers","required":false},
    {"id":"endersdelight:mite_crust","required":false},
    {"id":"endersdelight:shulker_mollusk","required":false},    
    {"id":"endersdelight:shulker_filet","required":false},
    {"id":"endersdelight:endermite_stew_wood","required":false},
    {"id":"endersdelight:endermite_stew","required":false}
  ]
}