{
  "type": "minecraft:chest",
  "pools": [
    {
      "rolls": {
        "type": "minecraft:uniform",
        "min": 1.0,
        "max": 1.0
      },
      "bonus_rolls": 0.0,
      "entries": [
        {
          "type": "minecraft:item",
          "weight": 2,
          "name": "minecraft:music_disc_13"
        },
        {
          "type": "minecraft:item",
          "weight": 2,
          "name": "minecraft:music_disc_cat"
        },
        {
          "type": "minecraft:item",
          "weight": 2,
          "name": "minecraft:music_disc_11"
        },
        {
          "type": "minecraft:item",
          "weight": 2,
          "name": "minecraft:music_disc_blocks"
        },
        {
          "type": "minecraft:item",
          "weight": 2,
          "name": "minecraft:music_disc_chirp"
        },
        {
          "type": "minecraft:item",
          "weight": 2,
          "name": "minecraft:music_disc_far"
        },
        {
          "type": "minecraft:item",
          "weight": 2,
          "name": "minecraft:music_disc_mall"
        },
        {
          "type": "minecraft:item",
          "weight": 2,
          "name": "minecraft:music_disc_mellohi"
        },
        {
          "type": "minecraft:item",
          "weight": 2,
          "name": "minecraft:music_disc_stal"
        },
        {
          "type": "minecraft:item",
          "weight": 2,
          "name": "minecraft:music_disc_strad"
        },
        {
          "type": "minecraft:item",
          "weight": 2,
          "name": "minecraft:music_disc_wait"
        },
        {
          "type": "minecraft:item",
          "weight": 2,
          "name": "minecraft:music_disc_ward"
        }
      ]
    }
  ]
}