{
  "loading_priority": 1,
  "type": "origins:prevent_item_use",
  "item_condition": {
    "type": "origins:or",
    "conditions": [
    {
    "type": "origins:and",
    "conditions": [
      {
        "type": "origins:or",
        "conditions": [
          {
            "type": "origins:ingredient",
            "ingredient": {
              "tag": "origins:meat"
            }
          },
          {
            "type": "origins:meat"
          }
        ],
        "inverted": true
      },
      {
        "type": "origins:food"
      },
      {
        "type": "origins:ingredient",
        "ingredient": {
          "tag": "origins:ignore_diet"
        },
        "inverted": true
      }
    ]
    },
    {
    "type": "origins:ingredient",
    "ingredient": {"tag": "origins:omnivore_only"}
    }
    ]
  }
}